script_name,status,stderr,png_files,half_name,note
1A.GPM.GMI.COUNT2021.20160105-S230545-E003816.010538.V07A.HDF5_0,Pass,None,,1A.GPM.GMI.COUNT2021.20160105-S2,
1B.GPM.GMI.TB2021.20160105-S230545-E003816.010538.V07A.HDF5_0,Fail,Traceback (most recent call last):,,,
1B.GPM.GMI.TB2021.20160105-S230545-E003816.010538.V07A.HDF5_1,Fail,Traceback (most recent call last):,,,
1B.GPM.GMI.TB2021.20160105-S230545-E003816.010538.V07A.HDF5_2,Fail,Traceback (most recent call last):,,,
1B.GPM.GMI.TB2021.20160105-S230545-E003816.010538.V07A.HDF5_3,Fail,Traceback (most recent call last):,,,
1B.GPM.GMI.TB2021.20160105-S230545-E003816.010538.V07A.HDF5_4,Fail,Traceback (most recent call last):,,,
1B.GPM.GMI.TB2021.20160105-S230545-E003816.010538.V07A.HDF5_5,Fail,Traceback (most recent call last):,,,
1B.GPM.GMI.TB2021.20160105-S230545-E003816.010538.V07A.HDF5_6,Fail,Traceback (most recent call last):,,,
1C.F19.SSMIS.XCAL2021-V.20160105-S214106-E232259.009078.V07A.HDF5_0,Pass,None,,1C.F19.SSMIS.XCAL2021-V.20160105-,
2A.GPM.DPR.V9-20211125.20170704-S001905-E015140.019017.V07A.HDF5_0,Pass,None,,2A.GPM.DPR.V9-20211125.20170704-S,
3A-MO.GPM.GMI.GRID2021R1.20140701-S000000-E235959.07.V07A.HDF5_0,Fail,Traceback (most recent call last):,,,
3A-MO.GPM.GMI.GRID2021R1.20140701-S000000-E235959.07.V07A.HDF5_1,Fail,Traceback (most recent call last):,,ATL04_20181117090604,
3A-MO.GPM.GMI.GRID2021R1.20140701-S000000-E235959.07.V07A.HDF5_2,Fail,Traceback (most recent call last):,,,
3A-MO.GPM.GMI.GRID2021R1.20140701-S000000-E235959.07.V07A.HDF5_3,Fail,Traceback (most recent call last):,,,
3A-MO.GPM.GMI.GRID2021R1.20140701-S000000-E235959.07.V07A.HDF5_4,Fail,Traceback (most recent call last):,,,
3A-MO.GPM.GMI.GRID2021R1.20140701-S000000-E235959.07.V07A.HDF5_5,Fail,Traceback (most recent call last):,,,
3A-MO.GPM.GMI.GRID2021R1.20140701-S000000-E235959.07.V07A.HDF5_6,Fail,Traceback (most recent call last):,,,
AG100.v003.64.-089.0001.h5_0,Fail,Traceback (most recent call last):,,,
AG100.v003.64.-089.0001.h5_1,Fail,Traceback (most recent call last):,,,
AG100.v003.64.-089.0001.h5_2,Fail,Traceback (most recent call last):,,,
AG100.v003.64.-089.0001.h5_3,Fail,Traceback (most recent call last):,,,
AG100.v003.64.-089.0001.h5_4,Fail,Traceback (most recent call last):,,,
AG100.v003.64.-089.0001.h5_5,Fail,Traceback (most recent call last):,,,
AG100.v003.64.-089.0001.h5_6,Fail,Traceback (most recent call last):,,,
AMSR_E_L2_Land_V11_201110031920_D.he5_0,Fail,Traceback (most recent call last):,,,
AMSR_E_L2_Land_V11_201110031920_D.he5_1,Fail,Traceback (most recent call last):,,,
AMSR_E_L2_Land_V11_201110031920_D.he5_2,Fail,Traceback (most recent call last):,,,
AMSR_E_L2_Land_V11_201110031920_D.he5_3,Fail,Traceback (most recent call last):,,,
AMSR_E_L2_Land_V11_201110031920_D.he5_4,Fail,Traceback (most recent call last):,,,
AMSR_E_L2_Land_V11_201110031920_D.he5_5,Fail,Traceback (most recent call last):,,,
AMSR_E_L2_Land_V11_201110031920_D.he5_6,Fail,Traceback (most recent call last):,,,
AMSR_U2_L3_SeaIce25km_B01_20181008.he5_0,Fail,Traceback (most recent call last):,,,
AMSR_U2_L3_SeaIce25km_B01_20181008.he5_1,Fail,Traceback (most recent call last):,,,
AMSR_U2_L3_SeaIce25km_B01_20181008.he5_2,Fail,Traceback (most recent call last):,,,
AMSR_U2_L3_SeaIce25km_B01_20181008.he5_3,Fail,Traceback (most recent call last):,,,
AMSR_U2_L3_SeaIce25km_B01_20181008.he5_4,Fail,Traceback (most recent call last):,,,
AMSR_U2_L3_SeaIce25km_B01_20181008.he5_5,Fail,Traceback (most recent call last):,,,
AMSR_U2_L3_SeaIce25km_B01_20181008.he5_6,Fail,Traceback (most recent call last):,,,
ATL02_20190520193327_08020311_006_01.h5_0,Fail,Traceback (most recent call last):,,,
ATL02_20190520193327_08020311_006_01.h5_1,Fail,Traceback (most recent call last):,,,
ATL02_20190520193327_08020311_006_01.h5_2,Fail,Traceback (most recent call last):,,,
ATL02_20190520193327_08020311_006_01.h5_3,Fail,Traceback (most recent call last):,,MOP03T-20131129,
ATL02_20190520193327_08020311_006_01.h5_4,Fail,Traceback (most recent call last):,,,
ATL02_20190520193327_08020311_006_01.h5_5,Fail,Traceback (most recent call last):,,,
ATL02_20190520193327_08020311_006_01.h5_6,Fail,Traceback (most recent call last):,,,
ATL03_20181027235521_04480111_006_02.h5_0,Fail,Traceback (most recent call last):,,,
ATL03_20181027235521_04480111_006_02.h5_1,Pass,None,,ATL03_20181027235521,
ATL04_20181117090604_07600101_006_02.h5_0,Fail,Traceback (most recent call last):,,,
ATL04_20181117090604_07600101_006_02.h5_1,Fail,Traceback (most recent call last):,,,
ATL04_20181117090604_07600101_006_02.h5_2,Pass,None,,VNP46A1.A2020302.h07v07,
ATL06_20190223232535_08780212_006_02.h5_0,Fail,Traceback (most recent call last):,,,
ATL06_20190223232535_08780212_006_02.h5_1,Fail,Traceback (most recent call last):,,,
ATL06_20190223232535_08780212_006_02.h5_2,Fail,Traceback (most recent call last):,,,
ATL06_20190223232535_08780212_006_02.h5_3,Fail,Traceback (most recent call last):,,,
ATL06_20190223232535_08780212_006_02.h5_4,Fail,Traceback (most recent call last):,,,
ATL06_20190223232535_08780212_006_02.h5_5,Fail,Traceback (most recent call last):,,,
ATL06_20190223232535_08780212_006_02.h5_6,Fail,Traceback (most recent call last):,,,

ATL07-01_20210223204748_09451001_006_01.h5_0,Fail,Timeout,,,Failed and not retried

ATL08_20210114234518_03361001_006_01.h5_0,Fail,Traceback (most recent call last):,,,
ATL08_20210114234518_03361001_006_01.h5_1,Pass,None,,ATL08_20210114234518,
ATL09_20181117090604_07600101_006_02.h5_0,Fail,Traceback (most recent call last):,,,
ATL09_20181117090604_07600101_006_02.h5_1,Pass,None,,ATL09_20181117090604,
ATL10-02_20181227215113_13790101_006_02.h5_0,Fail,Traceback (most recent call last):,,ATL03_20181027235521,
ATL10-02_20181227215113_13790101_006_02.h5_1,Fail,Traceback (most recent call last):,,,
ATL10-02_20181227215113_13790101_006_02.h5_2,Pass,None,,ATL10-02_2018122721511,
ATL11_051911_0321_006_06.h5_0,Fail,Traceback (most recent call last):,,,
ATL11_051911_0321_006_06.h5_1,Fail,Traceback (most recent call last):,,,
ATL11_051911_0321_006_06.h5_2,Fail,Traceback (most recent call last):,,,
ATL11_051911_0321_006_06.h5_3,Fail,Traceback (most recent call last):,,,
ATL11_051911_0321_006_06.h5_4,Fail,Traceback (most recent call last):,,,
ATL11_051911_0321_006_06.h5_5,Fail,Traceback (most recent call last):,,,
ATL11_051911_0321_006_06.h5_6,Fail,Traceback (most recent call last):,,,
ATL12_20190330212241_00250301_006_03.h5_0,Fail,Traceback (most recent call last):,,,
ATL12_20190330212241_00250301_006_03.h5_1,Fail,Traceback (most recent call last):,,,
ATL12_20190330212241_00250301_006_03.h5_2,Fail,Traceback (most recent call last):,,,
ATL12_20190330212241_00250301_006_03.h5_3,Pass,None,,ATL12_20190330212241,
ATL13_20190330212241_00250301_006_01.h5_0,Pass,None,,ATL13_20190330212241,
ATL16_20210101010136_01231001_005_01.h5_0,Fail,Traceback (most recent call last):,,,
ATL16_20210101010136_01231001_005_01.h5_1,Fail,Traceback (most recent call last):,,,
ATL16_20210101010136_01231001_005_01.h5_2,Fail,Traceback (most recent call last):,,,
ATL16_20210101010136_01231001_005_01.h5_3,Fail,Traceback (most recent call last):,,,
ATL16_20210101010136_01231001_005_01.h5_4,Fail,Traceback (most recent call last):,,,
ATL16_20210101010136_01231001_005_01.h5_5,Fail,Traceback (most recent call last):,,,
ATL16_20210101010136_01231001_005_01.h5_6,Fail,Traceback (most recent call last):,,,
ATL17_20201201000814_10360901_005_01.h5_0,Fail,Traceback (most recent call last):,,,
ATL17_20201201000814_10360901_005_01.h5_1,Pass,None,,ATL17_20201201000814,
ATL19_20181001010615_00370101_003_02.h5_0,Fail,Traceback (most recent call last):,,,
ATL19_20181001010615_00370101_003_02.h5_1,Fail,Traceback (most recent call last):,,,
ATL19_20181001010615_00370101_003_02.h5_2,Fail,Traceback (most recent call last):,,,
ATL19_20181001010615_00370101_003_02.h5_3,Fail,Traceback (most recent call last):,,,
ATL19_20181001010615_00370101_003_02.h5_4,Fail,Traceback (most recent call last):,,,
ATL19_20181001010615_00370101_003_02.h5_5,Fail,Traceback (most recent call last):,,,
ATL19_20181001010615_00370101_003_02.h5_6,Fail,Traceback (most recent call last):,,,
ATL20-01_20181101001332_05100101_004_01.h5_0,Fail,Traceback (most recent call last):,,,
ATL20-01_20181101001332_05100101_004_01.h5_1,Pass,None,,ATL20-01_2018110100133,
ATL21-01_20210301005637_10241001_003_01.h5_0,Pass,None,,ATL21-01_2021030100563,
ATL22_20210712003905_02811201_003_01.h5_0,Pass,None,,ATL22_20210712003905,
BUV-Nimbus04_L3zm_v01-02-2013m0422t101810.h5_0,Fail,Traceback (most recent call last):,,,
BUV-Nimbus04_L3zm_v01-02-2013m0422t101810.h5_1,Fail,Traceback (most recent call last):,,,
BUV-Nimbus04_L3zm_v01-02-2013m0422t101810.h5_2,Fail,Traceback (most recent call last):,,,
BUV-Nimbus04_L3zm_v01-02-2013m0422t101810.h5_3,Fail,Traceback (most recent call last):,,,
BUV-Nimbus04_L3zm_v01-02-2013m0422t101810.h5_4,Fail,Traceback (most recent call last):,,,
BUV-Nimbus04_L3zm_v01-02-2013m0422t101810.h5_5,Fail,Traceback (most recent call last):,,,
BUV-Nimbus04_L3zm_v01-02-2013m0422t101810.h5_6,Fail,Traceback (most recent call last):,,,
CATS-ISS_L2O_D-M7.2-V2-01_05kmLay.2017-05-01T00-47-40T01-28-41UTC.hdf5_0,Fail,Traceback (most recent call last):,,,
CATS-ISS_L2O_D-M7.2-V2-01_05kmLay.2017-05-01T00-47-40T01-28-41UTC.hdf5_1,Fail,Traceback (most recent call last):,,,
CATS-ISS_L2O_D-M7.2-V2-01_05kmLay.2017-05-01T00-47-40T01-28-41UTC.hdf5_2,Pass,None,,CATS-ISS_L2O_D-M7.2-V2-01_05kmLay.20,
DSCOVR_EPIC_L2_TO3_03_20210301005516_03.h5_0,Fail,Traceback (most recent call last):,,,
DSCOVR_EPIC_L2_TO3_03_20210301005516_03.h5_1,Fail,Traceback (most recent call last):,,,
DSCOVR_EPIC_L2_TO3_03_20210301005516_03.h5_2,Fail,Traceback (most recent call last):,,,
DSCOVR_EPIC_L2_TO3_03_20210301005516_03.h5_3,Fail,Timeout,,,
DeepBlue-SeaWiFS-1.0_L3_20100101_v004-20130604T131317Z.h5_0,Fail,Traceback (most recent call last):,,,
DeepBlue-SeaWiFS-1.0_L3_20100101_v004-20130604T131317Z.h5_1,Fail,Traceback (most recent call last):,,,
DeepBlue-SeaWiFS-1.0_L3_20100101_v004-20130604T131317Z.h5_2,Fail,Traceback (most recent call last):,,,
DeepBlue-SeaWiFS-1.0_L3_20100101_v004-20130604T131317Z.h5_3,Fail,Traceback (most recent call last):,,,
DeepBlue-SeaWiFS-1.0_L3_20100101_v004-20130604T131317Z.h5_4,Fail,Traceback (most recent call last):,,,
DeepBlue-SeaWiFS-1.0_L3_20100101_v004-20130604T131317Z.h5_5,Fail,Traceback (most recent call last):,,,
DeepBlue-SeaWiFS-1.0_L3_20100101_v004-20130604T131317Z.h5_6,Fail,Traceback (most recent call last):,,,
DeepBlue-SeaWiFS_L2_20101210T135954Z_v004-20130525T172725Z.h5_0,Pass,None,,DeepBlue-SeaWiFS_L2_20101210T13,

GEOLST4KHR_201612291600_002_20210714015139.h5_0,Fail,Timeout,,,Failed and not retried

GLAH10_633_2131_001_1317_0_01_0001.H5_0,Pass,None,,GLAH10_633_2131_001,
GLAH13_633_2103_001_1317_0_01_0001.h5_0,Fail,Traceback (most recent call last):,,,
GLAH13_633_2103_001_1317_0_01_0001.h5_1,Fail,Traceback (most recent call last):,,,
GLAH13_633_2103_001_1317_0_01_0001.h5_2,Pass,None,,GLAH13_633_2103_001,
GSSTF_3_2008_12_31.he5_0,Fail,Traceback (most recent call last):,,,
GSSTF_3_2008_12_31.he5_1,Fail,Traceback (most recent call last):,,,
GSSTF_3_2008_12_31.he5_2,Fail,Traceback (most recent call last):,,,
GSSTF_3_2008_12_31.he5_3,Fail,Traceback (most recent call last):,,,
GSSTF_3_2008_12_31.he5_4,Fail,Traceback (most recent call last):,,,
GSSTF_3_2008_12_31.he5_5,Fail,Traceback (most recent call last):,,,
GSSTF_3_2008_12_31.he5_6,Fail,Traceback (most recent call last):,,,
HIRDLS-Aura_L2_v07-00-20-c01_2008d077.he5_0,Fail,Traceback (most recent call last):,,,
HIRDLS-Aura_L2_v07-00-20-c01_2008d077.he5_1,Fail,Traceback (most recent call last):,,,
HIRDLS-Aura_L2_v07-00-20-c01_2008d077.he5_2,Fail,Traceback (most recent call last):,,,
HIRDLS-Aura_L2_v07-00-20-c01_2008d077.he5_3,Fail,Traceback (most recent call last):,,,
HIRDLS-Aura_L2_v07-00-20-c01_2008d077.he5_4,Fail,Traceback (most recent call last):,,,
HIRDLS-Aura_L2_v07-00-20-c01_2008d077.he5_5,Fail,Traceback (most recent call last):,,,
HIRDLS-Aura_L2_v07-00-20-c01_2008d077.he5_6,Fail,Traceback (most recent call last):,,,
MLS-Aura_L2GP-BrO_v04-23-c03_2016d302.he5_0,Fail,Traceback (most recent call last):,,,
MLS-Aura_L2GP-BrO_v04-23-c03_2016d302.he5_1,Fail,Traceback (most recent call last):,,,
MLS-Aura_L2GP-BrO_v04-23-c03_2016d302.he5_2,Fail,Traceback (most recent call last):,,,
MLS-Aura_L2GP-BrO_v04-23-c03_2016d302.he5_3,Fail,Traceback (most recent call last):,,,
MLS-Aura_L2GP-BrO_v04-23-c03_2016d302.he5_4,Fail,Traceback (most recent call last):,,,
MLS-Aura_L2GP-BrO_v04-23-c03_2016d302.he5_5,Fail,Traceback (most recent call last):,,,
MLS-Aura_L2GP-BrO_v04-23-c03_2016d302.he5_6,Fail,Traceback (most recent call last):,,,
MLS-Aura_L2GP-H2O_v04-20-c01_2013d003.he5_0,Fail,Traceback (most recent call last):,,,
MLS-Aura_L2GP-H2O_v04-20-c01_2013d003.he5_1,Fail,Traceback (most recent call last):,,,
MLS-Aura_L2GP-H2O_v04-20-c01_2013d003.he5_2,Fail,Traceback (most recent call last):,,,
MLS-Aura_L2GP-H2O_v04-20-c01_2013d003.he5_3,Pass,None,,MLS-Aura_L2GP-H2O_v04,
MLS-Aura_L2GP-O3_v04-23-c02_2019d001.he5_0,Fail,Traceback (most recent call last):,,,
MLS-Aura_L2GP-O3_v04-23-c02_2019d001.he5_1,Pass,None,,MLS-Aura_L2GP-O3_v04-,
MOP02J-20131129-L2V19.9.3.he5_0,Fail,Traceback (most recent call last):,,,
MOP02J-20131129-L2V19.9.3.he5_1,Fail,Traceback (most recent call last):,,,
MOP02J-20131129-L2V19.9.3.he5_2,Fail,Traceback (most recent call last):,,,
MOP02J-20131129-L2V19.9.3.he5_3,Pass,None,,MOP02J-20131129,
MOP02N-20180311-L2V19.9.2.he5_0,Fail,Traceback (most recent call last):,,,
MOP02N-20180311-L2V19.9.2.he5_1,Fail,Traceback (most recent call last):,,,
MOP02N-20180311-L2V19.9.2.he5_2,Fail,Traceback (most recent call last):,,,
MOP02N-20180311-L2V19.9.2.he5_3,Pass,None,,MOP02N-20180311,
MOP03T-20131129-L3V5.9.1.he5_0,Fail,Traceback (most recent call last):,,,
MOP03T-20131129-L3V5.9.1.he5_1,Fail,Traceback (most recent call last):,,,
MOP03T-20131129-L3V5.9.1.he5_2,Fail,Traceback (most recent call last):,,,
MOP03T-20131129-L3V5.9.1.he5_3,Fail,Traceback (most recent call last):,,,
MOP03T-20131129-L3V5.9.1.he5_4,Pass,None,,MOP03T-20131129,
MOP03TM-201802-L3V95.9.1.he5_0,Fail,Traceback (most recent call last):,,,
MOP03TM-201802-L3V95.9.1.he5_1,Fail,Traceback (most recent call last):,,,
MOP03TM-201802-L3V95.9.1.he5_2,Fail,Traceback (most recent call last):,,,
MOP03TM-201802-L3V95.9.1.he5_3,Fail,Traceback (most recent call last):,,,
MOP03TM-201802-L3V95.9.1.he5_4,Fail,Traceback (most recent call last):,,,
MOP03TM-201802-L3V95.9.1.he5_5,Fail,Traceback (most recent call last):,,,
MOP03TM-201802-L3V95.9.1.he5_6,Fail,Traceback (most recent call last):,,,
OMI-Aura_L2-OMNO2_2008m0720t2016-o21357_v003-2016m0820t102252.he5_0,Pass,None,,OMI-Aura_L2-OMNO2_2008m0720t2016-,
OMI-Aura_L3-OMTO3e_2017m0105_v003-2017m0203t091906.he5_0,Pass,None,,OMI-Aura_L3-OMTO3e_2017m0105,
Q2011280003000.L2_SCI_V5.0.h5_0,Fail,Traceback (most recent call last):,,,
Q2011280003000.L2_SCI_V5.0.h5_1,Pass,None,,Q2011280003000.,
Q2012034.L3m_DAY_SCI_V5.0_SSS_1deg.h5_0,Fail,Traceback (most recent call last):,,,
Q2012034.L3m_DAY_SCI_V5.0_SSS_1deg.h5_1,Fail,Traceback (most recent call last):,,,
Q2012034.L3m_DAY_SCI_V5.0_SSS_1deg.h5_2,Pass,None,,Q2012034.L3m_DAY_SC,
SBUV2-NOAA17_L2-SBUV2N17L2_2011m1231_v01-02-2013m0828t143157.h5_0,Fail,Traceback (most recent call last):,,,
SBUV2-NOAA17_L2-SBUV2N17L2_2011m1231_v01-02-2013m0828t143157.h5_1,Fail,Traceback (most recent call last):,,,
SBUV2-NOAA17_L2-SBUV2N17L2_2011m1231_v01-02-2013m0828t143157.h5_2,Fail,Traceback (most recent call last):,,,
SBUV2-NOAA17_L2-SBUV2N17L2_2011m1231_v01-02-2013m0828t143157.h5_3,Fail,Traceback (most recent call last):,,,
SBUV2-NOAA17_L2-SBUV2N17L2_2011m1231_v01-02-2013m0828t143157.h5_4,Fail,Traceback (most recent call last):,,,
SBUV2-NOAA17_L2-SBUV2N17L2_2011m1231_v01-02-2013m0828t143157.h5_5,Fail,Traceback (most recent call last):,,,
SBUV2-NOAA17_L2-SBUV2N17L2_2011m1231_v01-02-2013m0828t143157.h5_6,Fail,Traceback (most recent call last):,,,

SMAP_L1A_RADIOMETER_30031_A_20200914T223611_R17000_001.h5_0,Fail,Timeout,,,Failed and not retried

SMAP_L1B_TB_50719_D_20240730T124417_R19240_001.h5_0,Pass,None,,SMAP_L1B_TB_50719_D_20240,
SMAP_L1C_S0_HIRES_02298_A_20150707T160502_R13080_001.h5_0,Fail,Traceback (most recent call last):,,,
SMAP_L1C_S0_HIRES_02298_A_20150707T160502_R13080_001.h5_1,Fail,Traceback (most recent call last):,,,
SMAP_L1C_S0_HIRES_02298_A_20150707T160502_R13080_001.h5_2,Fail,Timeout,,,
SMAP_L1C_TB_50719_D_20240730T124417_R19240_001.h5_0,Pass,None,,SMAP_L1C_TB_50719_D_20240,
SMAP_L2B_SSS_32221_20210211T162812_R17000_V5.0.h5_0,Pass,None,,SMAP_L2B_SSS_32221_202102,
SMAP_L2_SM_P_30058_D_20200916T194350_R19240_001.h5_0,Fail,Traceback (most recent call last):,,,
SMAP_L2_SM_P_30058_D_20200916T194350_R19240_001.h5_1,Fail,Traceback (most recent call last):,,,
SMAP_L2_SM_P_30058_D_20200916T194350_R19240_001.h5_2,Fail,Traceback (most recent call last):,,,
SMAP_L2_SM_P_30058_D_20200916T194350_R19240_001.h5_3,Fail,Traceback (most recent call last):,,,
SMAP_L2_SM_P_30058_D_20200916T194350_R19240_001.h5_4,Fail,Traceback (most recent call last):,,,
SMAP_L2_SM_P_30058_D_20200916T194350_R19240_001.h5_5,Fail,Traceback (most recent call last):,,,
SMAP_L2_SM_P_30058_D_20200916T194350_R19240_001.h5_6,Fail,Traceback (most recent call last):,,,
SMAP_L3_SM_P_20200916_R19240_001.h5_0,Pass,None,,SMAP_L3_SM_P_20200,

SMAP_L4_SM_gph_20200915T193000_Vv7032_001.h5_0,Fail,Timeout,,,Failed and not retried

TES-Aura_L2-O3-Nadir_r0000002433_F08_12.he5_0,Pass,None,,TES-Aura_L2-O3-Nadir_r,
TES-Aura_L3-CH4_r0000033028_C01_F01_12.he5_0,Pass,None,,TES-Aura_L3-CH4_r00000,
VNP09GA.A2020305.h30v07.001.2020306101330.h5_0,Fail,Traceback (most recent call last):,,,
VNP09GA.A2020305.h30v07.001.2020306101330.h5_1,Fail,Traceback (most recent call last):,,,
VNP09GA.A2020305.h30v07.001.2020306101330.h5_2,Fail,Traceback (most recent call last):,,,
VNP09GA.A2020305.h30v07.001.2020306101330.h5_3,Fail,Traceback (most recent call last):,,,
VNP09GA.A2020305.h30v07.001.2020306101330.h5_4,Fail,Traceback (most recent call last):,,,
VNP09GA.A2020305.h30v07.001.2020306101330.h5_5,Fail,Traceback (most recent call last):,,,
VNP09GA.A2020305.h30v07.001.2020306101330.h5_6,Fail,Traceback (most recent call last):,,,
VNP46A1.A2020302.h07v07.001.2020303075447.h5_0,Fail,Traceback (most recent call last):,,,
VNP46A1.A2020302.h07v07.001.2020303075447.h5_1,Fail,Traceback (most recent call last):,,,
VNP46A1.A2020302.h07v07.001.2020303075447.h5_2,Fail,Traceback (most recent call last):,,,
VNP46A1.A2020302.h07v07.001.2020303075447.h5_3,Pass,None,,VNP46A1.A2020302.h07v07,
acos_L2s_110101_02_Production_v201201_L2Sub7309_r01_PolB_161206183303.h5_0,Fail,Traceback (most recent call last):,,,
acos_L2s_110101_02_Production_v201201_L2Sub7309_r01_PolB_161206183303.h5_1,Pass,None,,acos_L2s_110101_02_Production_v201201,
oco2_L2StdND_03949a_150330_B8100r_170916014809.h5_0,Fail,Traceback (most recent call last):,,,
oco2_L2StdND_03949a_150330_B8100r_170916014809.h5_1,Pass,None,,oco2_L2StdND_03949a_15033,
